{"score_value": 6.659677672219264, "ghost_state_base": 3.949451273319122, "ghost_state_zero": 1.7246536226702318, "ghost_value": -9.542572280921542, "food_num_value": 0.49071730965963134, "food_dis_value": -4.690961692757831, "capsule_dis_value": -0.08011040928175994, "capsule_dis_num": -8.68992719583336}