{"ghost_state_base": 10.0, "ghost_state_zero": -10.0, "ghost_value": 6.069209122888715, "food_num_value": 5.757437572650966, "food_dis_value": 2.459984319607058, "capsule_dis_value": 1.2116194324476128, "capsule_dis_num": 10.0}